pi_joblib,pi_multiprocesing
3.1276,3.142484
3.1276,3.143884
3.1276,3.144468
3.1276,3.14122
3.1276,3.141812
3.1276,3.141596
3.1276,3.139952
3.1276,3.146072
3.1276,3.141276
3.1276,3.140572
3.1276,3.143536
3.1276,3.139744
3.1276,3.140112
3.1276,3.141992
3.1276,3.140016
3.1276,3.143192
3.1276,3.142852
3.1276,3.138996
3.1276,3.139356
3.1276,3.14082
